<?xml version="1.0" encoding="UTF-8"?>
<modification>
	<id>Enable-Disable Products</id>
	<version>1.02</version>
	<vqmver>2.1.7</vqmver>
	<author>AlexDW</author>
	<file name="admin/view/template/catalog/product_list.tpl">
		<operation error="abort">
			<search position="after"><![CDATA[
<h1><img src="view/image/product.png" alt="" /> <?php echo $heading_title; ?></h1>
			]]></search>
			<add><![CDATA[
<!-- EnableDisable -->
	<div class="buttons"><a href="<?php echo $disable_all; ?>" onclick="return confirm('<?php echo $button_disable_all; ?>'+' ?')" class="button"><?php echo $button_disable_all; ?></a><a href="<?php echo $enable_all; ?>" onclick="return confirm('<?php echo $button_enable_all; ?>'+' ?')" class="button"><?php echo $button_enable_all; ?></a></div>
	<div class="buttons"><a onclick="$('#form').attr('action', '<?php echo $disable_product; ?>'); $('#form').submit();" class="button"><?php echo $button_disable_product; ?></a><a onclick="$('#form').attr('action', '<?php echo $enable_product; ?>'); $('#form').submit();" class="button"><?php echo $button_enable_product; ?></a></div>
<!-- EnableDisable -->
			]]></add>
		</operation>
	</file>

	<file name="admin/controller/catalog/product.php">		
		<operation error="abort">
			<search position="after"><![CDATA[
$this->data['button_delete'] = $this->language->get('button_delete');
			]]></search>
			<add><![CDATA[
		// EnableDisable
			$this->data['token'] = $this->session->data['token'];
			$this->data['button_enable_all'] = $this->language->get('button_enable_all');
			$this->data['button_disable_all'] = $this->language->get('button_disable_all');
			$this->data['button_enable_product'] = $this->language->get('button_enable_product');
			$this->data['button_disable_product'] = $this->language->get('button_disable_product');
		// EnableDisable end
			]]></add>
		</operation>
		<operation error="abort">
			<search position="after"><![CDATA[
$this->data['delete'] = $this->url->link('catalog/product/delete', 'token=' . $this->session->data['token'] . $url, 'SSL');
			]]></search>
			<add><![CDATA[
		// EnableDisable
			$this->data['enable_all'] = $this->url->link('catalog/product/enable_all', 'token=' . $this->session->data['token'] . $url, 'SSL');
			$this->data['disable_all'] = $this->url->link('catalog/product/disable_all', 'token=' . $this->session->data['token'] . $url, 'SSL');
			$this->data['enable_product'] = $this->url->link('catalog/product/enable_product', 'token=' . $this->session->data['token'] . $url, 'SSL');
			$this->data['disable_product'] = $this->url->link('catalog/product/disable_product', 'token=' . $this->session->data['token'] . $url, 'SSL');
		// EnableDisable end
			]]></add>
		</operation>
		<operation error="abort">
			<search position="before"><![CDATA[
public function delete() {
			]]></search>
			<add><![CDATA[
		// EnableDisable
	public function disable_all() {
		$this->load->language('catalog/product');
 
		$this->document->setTitle($this->language->get('heading_title'));
		
		$this->load->model('catalog/product');

		if (!$this->user->hasPermission('modify', 'catalog/product')) {
			$this->error['warning'] = $this->language->get('error_permission');

		} else {
			
			$this->model_catalog_product->disableAllProduct();
			
			$this->session->data['success'] = $this->language->get('text_success');

			$url = '';

			if (isset($this->request->get['filter_category_id'])) {
				$url .= '&filter_category_id=' . (int)$this->request->get['filter_category_id'];
			}

			if (isset($this->request->get['filter_manufacturer_id'])) {
				$url .= '&filter_manufacturer_id=' . (int)$this->request->get['filter_manufacturer_id'];
			}

			if (isset($this->request->get['filter_name'])) {
				$url .= '&filter_name=' . urlencode(html_entity_decode($this->request->get['filter_name'], ENT_QUOTES, 'UTF-8'));
			}
		
			if (isset($this->request->get['filter_model'])) {
				$url .= '&filter_model=' . urlencode(html_entity_decode($this->request->get['filter_model'], ENT_QUOTES, 'UTF-8'));
			}
			
			if (isset($this->request->get['filter_price'])) {
				$url .= '&filter_price=' . $this->request->get['filter_price'];
			}
			
			if (isset($this->request->get['filter_quantity'])) {
				$url .= '&filter_quantity=' . $this->request->get['filter_quantity'];
			}	
		
			if (isset($this->request->get['filter_status'])) {
				$url .= '&filter_status=' . $this->request->get['filter_status'];
			}
					
			if (isset($this->request->get['sort'])) {
				$url .= '&sort=' . $this->request->get['sort'];
			}

			if (isset($this->request->get['order'])) {
				$url .= '&order=' . $this->request->get['order'];
			}

			if (isset($this->request->get['page'])) {
				$url .= '&page=' . $this->request->get['page'];
			}
			
			$this->redirect($this->url->link('catalog/product', 'token=' . $this->session->data['token'] . $url, 'SSL'));
		}

		$this->getList();
	}

	public function enable_all() {
		$this->language->load('catalog/product');
 
		$this->document->setTitle($this->language->get('heading_title'));
		
		$this->load->model('catalog/product');

		if (!$this->user->hasPermission('modify', 'catalog/product')) {
			$this->error['warning'] = $this->language->get('error_permission');

		} else {
			
			$this->model_catalog_product->enableAllProduct();
			
			$this->session->data['success'] = $this->language->get('text_success');

			$url = '';

			if (isset($this->request->get['filter_category_id'])) {
				$url .= '&filter_category_id=' . (int)$this->request->get['filter_category_id'];
			}

			if (isset($this->request->get['filter_manufacturer_id'])) {
				$url .= '&filter_manufacturer_id=' . (int)$this->request->get['filter_manufacturer_id'];
			}

			if (isset($this->request->get['filter_name'])) {
				$url .= '&filter_name=' . urlencode(html_entity_decode($this->request->get['filter_name'], ENT_QUOTES, 'UTF-8'));
			}
		
			if (isset($this->request->get['filter_model'])) {
				$url .= '&filter_model=' . urlencode(html_entity_decode($this->request->get['filter_model'], ENT_QUOTES, 'UTF-8'));
			}
			
			if (isset($this->request->get['filter_price'])) {
				$url .= '&filter_price=' . $this->request->get['filter_price'];
			}
			
			if (isset($this->request->get['filter_quantity'])) {
				$url .= '&filter_quantity=' . $this->request->get['filter_quantity'];
			}	
		
			if (isset($this->request->get['filter_status'])) {
				$url .= '&filter_status=' . $this->request->get['filter_status'];
			}
					
			if (isset($this->request->get['sort'])) {
				$url .= '&sort=' . $this->request->get['sort'];
			}

			if (isset($this->request->get['order'])) {
				$url .= '&order=' . $this->request->get['order'];
			}

			if (isset($this->request->get['page'])) {
				$url .= '&page=' . $this->request->get['page'];
			}
			
			$this->redirect($this->url->link('catalog/product', 'token=' . $this->session->data['token'] . $url, 'SSL'));
		}

		$this->getList();
	}

	public function enable_product() {
		$this->language->load('catalog/product');
 
		$this->document->setTitle($this->language->get('heading_title'));
		
		$this->load->model('catalog/product');

		if (isset($this->request->post['selected']) && $this->validateDelete()) {
			foreach ($this->request->post['selected'] as $product_id) {
			$this->model_catalog_product->enableProduct($product_id);
			}

			$this->session->data['success'] = $this->language->get('text_success');

			$url = '';

			if (isset($this->request->get['filter_category_id'])) {
				$url .= '&filter_category_id=' . (int)$this->request->get['filter_category_id'];
			}

			if (isset($this->request->get['filter_manufacturer_id'])) {
				$url .= '&filter_manufacturer_id=' . (int)$this->request->get['filter_manufacturer_id'];
			}

			if (isset($this->request->get['filter_name'])) {
				$url .= '&filter_name=' . urlencode(html_entity_decode($this->request->get['filter_name'], ENT_QUOTES, 'UTF-8'));
			}
		
			if (isset($this->request->get['filter_model'])) {
				$url .= '&filter_model=' . urlencode(html_entity_decode($this->request->get['filter_model'], ENT_QUOTES, 'UTF-8'));
			}
			
			if (isset($this->request->get['filter_price'])) {
				$url .= '&filter_price=' . $this->request->get['filter_price'];
			}
			
			if (isset($this->request->get['filter_quantity'])) {
				$url .= '&filter_quantity=' . $this->request->get['filter_quantity'];
			}	
		
			if (isset($this->request->get['filter_status'])) {
				$url .= '&filter_status=' . $this->request->get['filter_status'];
			}
					
			if (isset($this->request->get['sort'])) {
				$url .= '&sort=' . $this->request->get['sort'];
			}

			if (isset($this->request->get['order'])) {
				$url .= '&order=' . $this->request->get['order'];
			}

			if (isset($this->request->get['page'])) {
				$url .= '&page=' . $this->request->get['page'];
			}
			
			$this->redirect($this->url->link('catalog/product', 'token=' . $this->session->data['token'] . $url, 'SSL'));
		}

		$this->getList();
	}

	public function disable_product() {
		$this->language->load('catalog/product');
 
		$this->document->setTitle($this->language->get('heading_title'));
		
		$this->load->model('catalog/product');

		if (isset($this->request->post['selected']) && $this->validateDelete()) {
			foreach ($this->request->post['selected'] as $product_id) {
			$this->model_catalog_product->disableProduct($product_id);
			}

			$this->session->data['success'] = $this->language->get('text_success');

			$url = '';

			if (isset($this->request->get['filter_category_id'])) {
				$url .= '&filter_category_id=' . (int)$this->request->get['filter_category_id'];
			}

			if (isset($this->request->get['filter_manufacturer_id'])) {
				$url .= '&filter_manufacturer_id=' . (int)$this->request->get['filter_manufacturer_id'];
			}

			if (isset($this->request->get['filter_name'])) {
				$url .= '&filter_name=' . urlencode(html_entity_decode($this->request->get['filter_name'], ENT_QUOTES, 'UTF-8'));
			}
		
			if (isset($this->request->get['filter_model'])) {
				$url .= '&filter_model=' . urlencode(html_entity_decode($this->request->get['filter_model'], ENT_QUOTES, 'UTF-8'));
			}
			
			if (isset($this->request->get['filter_price'])) {
				$url .= '&filter_price=' . $this->request->get['filter_price'];
			}
			
			if (isset($this->request->get['filter_quantity'])) {
				$url .= '&filter_quantity=' . $this->request->get['filter_quantity'];
			}	
		
			if (isset($this->request->get['filter_status'])) {
				$url .= '&filter_status=' . $this->request->get['filter_status'];
			}
					
			if (isset($this->request->get['sort'])) {
				$url .= '&sort=' . $this->request->get['sort'];
			}

			if (isset($this->request->get['order'])) {
				$url .= '&order=' . $this->request->get['order'];
			}

			if (isset($this->request->get['page'])) {
				$url .= '&page=' . $this->request->get['page'];
			}
			
			$this->redirect($this->url->link('catalog/product', 'token=' . $this->session->data['token'] . $url, 'SSL'));
		}

		$this->getList();
	}
		// EnableDisable end
			]]></add>
		</operation>
	</file>

	<file name="admin/model/catalog/product.php">		
		<operation error="abort">
			<search position="before"><![CDATA[
public function getProduct($product_id) {
			]]></search>
			<add><![CDATA[
	// EnableDisable
		public function disableAllProduct() {
			$query = $this->db->query("UPDATE " . DB_PREFIX . "product SET `status`='0' ");
			$this->cache->delete('product');
		}

		public function enableAllProduct() {
			$query = $this->db->query("UPDATE " . DB_PREFIX . "product SET `status`='1' ");
			$this->cache->delete('product');
		}

		public function enableProduct($product_id) {
			$this->db->query("UPDATE " . DB_PREFIX . "product SET `status`='1' WHERE product_id = '" . (int)$product_id . "'");
			$this->cache->delete('product');	
		}

		public function disableProduct($product_id) {
			$this->db->query("UPDATE " . DB_PREFIX . "product SET `status`='0' WHERE product_id = '" . (int)$product_id . "'");
			$this->cache->delete('product');	
		}
	// EnableDisable end
			]]></add>
		</operation>
	</file>

	<file name="admin/language/russian/catalog/product.php">		
		<operation error="skip">
			<search position="after"><![CDATA[
<?php
			]]></search>
			<add><![CDATA[
			// EnableDisable
				$_['button_enable_all']    = 'Включить все';
				$_['button_disable_all']   = 'Отключить все';
				$_['button_enable_product']    = 'Включить';
				$_['button_disable_product']   = 'Отключить';
			// EnableDisable end
			]]></add>
		</operation>
	</file>
	<file name="admin/language/english/catalog/product.php">		
		<operation error="skip">
			<search position="after"><![CDATA[
<?php
			]]></search>
			<add><![CDATA[
			// EnableDisable
				$_['button_enable_all']    = 'Enable All';
				$_['button_disable_all']   = 'Disable All';
				$_['button_enable_product']    = 'Enable';
				$_['button_disable_product']   = 'Disable';
			// EnableDisable end
			]]></add>
		</operation>
	</file>
</modification>